Index,Signal,Bump Loc,DFT Purpose,Default Direction,Input Only,Function,Recommended Pull,Orientation, GPIO Notes,Strap,Strap Notes
0,smc_wrapper.GPIO_PAD[0],SMC,Data In,Input,,SPI.DATA[0],PD,Horizontal,,,
1,smc_wrapper.GPIO_PAD[1],SMC,Data In,Input,,SPI.DATA[1],PD,Horizontal,,,
2,smc_wrapper.GPIO_PAD[2],SMC,Data In,Input,,SPI.DATA[2],PD,Horizontal,,,
3,smc_wrapper.GPIO_PAD[3],SMC,Data In,Input,,SPI.DATA[3],PD,Horizontal,,,
4,smc_wrapper.GPIO_PAD[4],SMC,Data In,Input,,SPI.DATA[4],PD,Horizontal,,,
5,smc_wrapper.GPIO_PAD[5],SMC,Data In,Input,,SPI.DATA[5],PD,Horizontal,,,
6,smc_wrapper.GPIO_PAD[6],SMC,Data In,Input,,SPI.DATA[6],PD,Horizontal,,,
7,smc_wrapper.GPIO_PAD[7],SMC,Data In,Input,,SPI.DATA[7],PD,Horizontal,,,
8,smc_wrapper.GPIO_PAD[8],SMC,Data In,Input,,SPI.CS,PU,Horizontal,,,
9,smc_wrapper.GPIO_PAD[9],SMC,Data In,Input,,SPI.CLK,PD,Horizontal,,,
10,smc_wrapper.GPIO_PAD[10],SMC,Data In,Output,,SPI.DQS,PD,Horizontal,,,
11,smc_wrapper.GPIO_PAD[11],SMC,Data In,Output,,UART[0].RX,PU,Horizontal,,CHIP_ID[3],CHIP_ID is the I2C/I3C static address strap
12,smc_wrapper.GPIO_PAD[12],SMC,Data In,Output,,UART[0].TX,PU,Horizontal,,CHIP_ID[2],CHIP_ID is the I2C/I3C static address strap
13,smc_wrapper.GPIO_PAD[13],SMC,Data In,Input,,UART[0].RTS,PD,Horizontal,,BYPASS_SRAM_REPAIR,Bypass the memory repair process
14,smc_wrapper.GPIO_PAD[14],SMC,Data In,Output,,UART[0].CTS,PD,Horizontal,,TEST_EN,Enable DFT test mode
15,smc_wrapper.GPIO_PAD[15],SMC,Data In,Output,,UART[1].RX,PU,Horizontal,,CHIP_ID[1],CHIP_ID is the I2C/I3C static address strap
16,smc_wrapper.GPIO_PAD[16],SMC,Data In,Output,,UART[1].TX,PU,Horizontal,,,
17,smc_wrapper.GPIO_PAD[17],SMC,Data In,Input,,UART[1].RTS,PD,Horizontal,,,
18,smc_wrapper.GPIO_PAD[18],SMC,Data In,Output,,UART[1].CTS,PD,Horizontal,,BOOT_I2C,Default alternate boot channel is I3C0 and can be reconfigured to use I2C0
19,smc_wrapper.GPIO_PAD[19],SMC,Data In,Output,,UART[2].RX,PU,Horizontal,,BOOT_RECOVERY,Use I3C0 for BL1 boot image loading instead of the SPI channel.
20,smc_wrapper.GPIO_PAD[20],SMC,Data In,Output,,UART[2].TX,PU,Horizontal,,BL0_PLLCLK,"Use the PLL generated clock by default in BL0, and override to use the reference clock when this strap is asserted."
21,smc_wrapper.GPIO_PAD[21],SMC,Data In,Input,,UART[2].RTS,PD,Horizontal,,STATUS_RPT_DISABLE,Disable BL0 status reporting. It is on by default.
22,smc_wrapper.GPIO_PAD[22],SMC,Data In,Output,,UART[2].CTS,PD,Horizontal,,SPI_USE_FUSED_CONFIG,Use the SPI configuration values stored in the fuse field
23,smc_wrapper.GPIO_PAD[23],SMC,Data In,Output,,UART[3].RX,PU,Horizontal,,CHIP_ID[0],CHIP_ID is the I2C/I3C static address strap
24,smc_wrapper.GPIO_PAD[24],SMC,Data In,Output,,UART[3].TX,PU,Horizontal,,,
25,smc_wrapper.GPIO_PAD[25],SMC,Data In,Input,,UART[3].RTS,PD,Horizontal,,PRIMARY_CHIPLET,The primary chiplet has this strap bonded out to identify it as the boot master.
26,smc_wrapper.GPIO_PAD[26],SMC,Data In,Output,,UART[3].CTS,PD,Horizontal,,SRAM_AUTO_ZERO_DISABLE,Disable auto zero of the SMC SRAM when asserted
27,smc_wrapper.GPIO_PAD[27],SMC,Data In,Output,,I3C[0] SCL,PU,Horizontal,,,
28,smc_wrapper.GPIO_PAD[28],SMC,Data In,Output,,I3C[0] SDA,PU,Horizontal,,,
29,smc_wrapper.GPIO_PAD[29],SMC,Data Out,Output,,I3C[2] SCL,PU,Vertical,,,
30,smc_wrapper.GPIO_PAD[30],SMC,Data Out,Output,,I3C[2] SDA,PU,Vertical,,,
31,smc_wrapper.GPIO_PAD[31],SMC,Data In,Output,,I3C[3] SCL,PU,Vertical,,,
32,smc_wrapper.GPIO_PAD[32],SMC,Data Out,Output,,I3C[3] SDA,PU,Vertical,,,
33,smc_wrapper.GPIO_PAD[33],SMC,Data Out,Output,,I3C[4] SCL,PU,Vertical,,,
34,smc_wrapper.GPIO_PAD[34],SMC,Data Out,Output,,I3C[4] SDA,PU,Vertical,,,
35,smc_wrapper.GPIO_PAD[35],SMC,Data Out,Output,,I3C[5] SCL,PU,Vertical,,,
36,smc_wrapper.GPIO_PAD[36],SMC,Data Out,Output,,I3C[5] SDA,PU,Vertical,,,
37,smc_wrapper.GPIO_PAD[37],SMC,Data Out,Output,,I2C[0] SCL,PU,Vertical,"Every I2C can be programmed to act as I2C, SMBus or PMBus",,
38,smc_wrapper.GPIO_PAD[38],SMC,Data Out,Output,,I2C[0] SDA,PU,Vertical,,,
39,smc_wrapper.GPIO_PAD[39],SMC,Data Out,Input,,I2C[0] SMB_A,PU,Vertical,SMBus Alert,,
40,smc_wrapper.GPIO_PAD[40],SMC,Data Out,Input,,I2C[0] SMB_D,PU,Vertical,SMBus Suspend,,
41,smc_wrapper.GPIO_PAD[41],SMC,Data Out,Output,,I2C[1] SCL,PU,Vertical,,,
42,smc_wrapper.GPIO_PAD[42],SMC,Data Out,Output,,I2C[1] SDA,PU,Vertical,,,
43,smc_wrapper.GPIO_PAD[43],SMC,Data Out,Input,,I2C[1] SMB_A,PU,Vertical,SMBus Alert,,
44,smc_wrapper.GPIO_PAD[44],SMC,Data Out,Input,,I2C[1] SMB_D,PU,Vertical,SMBus Suspend,,
45,smc_wrapper.GPIO_PAD[45],SMC,Data Out,Output,,I2C[2] SCL,PU,Vertical,,,
46,smc_wrapper.GPIO_PAD[46],SMC,Data Out,Output,,I2C[2] SDA,PU,Vertical,,,
47,smc_wrapper.GPIO_PAD[47],SMC,Data Out,Input,,I2C[2] SMB_A,PU,Vertical,SMBus Alert,,
48,smc_wrapper.GPIO_PAD[48],SMC,Data Out,Input,,I2C[2] SMB_D,PU,Vertical,SMBus Suspend,,
49,smc_wrapper.GPIO_PAD[49],SMC,Data Out,Output,,AVS.CLOCK,PU,Vertical,,,
50,smc_wrapper.GPIO_PAD[50],SMC,Data Out,Output,,AVS.MDATA,PU,Vertical,,,
51,smc_wrapper.GPIO_PAD[51],SMC,Data Out,Output,,AVS.SDATA,PU,Vertical,,,
52,smc_wrapper.GPIO_PAD[52],SMC,Data Out,Output,,Thermal Emergency N,PU,Vertical,,,
53,smc_wrapper.GPIO_PAD[53],SMC,Data In,Output,,Isolate Request,PD,Vertical,,,
54,smc_wrapper.GPIO_PAD[54],SMC,Data In,Input,,SPI DQS Loopback,PD,Vertical,,MBIST_BYPASS,Ignore results of Power-On MBIST for boot
55,smc_wrapper.GPIO_PAD[55],SMC,Data Out,Input,,System Timer Sync Load,PD,Vertical,,,
56,smc_wrapper.GPIO_PAD[56],SMC,Data Out,Input,,System Timer Credit Count,PD,Vertical,,,
57,smc_wrapper.GPIO_PAD[57],SMC,Data Out,Input,,Boot Stall,PD,Vertical,Stall after fuse sensing to override shadow register values. Boot will resume when this GPIO is released. This value can be overridden by the value specified over JTAG using the boot_stall_jtag_ovrd and boot_stall_jtag_val signals from DTP.,,
58,smc_wrapper.GPIO_PAD[58],SMC,Data Out,Input,,OCCP Interface,PD,Vertical,,ROTATE_UPDATE,Swaps primary and backup image in SEP BL0 ROM
59,smc_wrapper.GPIO_PAD[59],SMC,Data Out,Input,,I3C SCL for test benches (ticket QUAS-1835),PU,Vertical,,,
60,smc_wrapper.GPIO_PAD[60],SMC,Data Out,Input,,I3C SCL for test benches (ticket QUAS-1835),PU,Vertical,,,
61,smc_wrapper.UNBONDED_GPIO[61],SMC,n/a,Input,TRUE,Cool Reset In,PU,Vertical,Not packaged out,Not allowed,
62,smc_wrapper.UNBONDED_GPIO[62],SMC,n/a,Output,,Cool Reset Out,PU,Vertical,Not packaged out,Not allowed,
63,smc_wrapper.UNBONDED_GPIO[63],SMC,n/a,Output,,I3C[1] SCL,PU,Vertical,Not packaged out,Not allowed,In package pull-up
64,smc_wrapper.UNBONDED_GPIO[64],SMC,n/a,Output,,I3C[1] SDA,PU,Vertical,Not packaged out,Not allowed,In package pull-up
65,,,,,,,,,,,
66,,,,,,,,,,,
67,,,,,,,,,,,
68,smc_wrapper.PAD_JTAG_IN_TCK,?,,Input,TRUE,PTAP TCK,,Horizontal,,,
69,smc_wrapper.PAD_JTAG_IN_TRSTN,?,,Input,TRUE,PTAP TRST,,Horizontal,,,
70,smc_wrapper.PAD_JTAG_IN_TDI,?,,Input,TRUE,PTAP TDI,,Horizontal,,,
71,smc_wrapper.PAD_JTAG_IN_TMS,?,,Input,TRUE,PTAP TMS,,Horizontal,,,
72,smc_wrapper.PAD_JTAG_IN_TDO,?,,Output,,PTAP TDO,,Horizontal,,,
73,smc_wrapper.PAD_JTAG_OUT_TCK,?,,Output,,STAP TCK,,Horizontal,,,
74,smc_wrapper.PAD_JTAG_OUT_TRSTN,?,,Output,,STAP TRST,,Horizontal,,,
75,smc_wrapper.PAD_JTAG_OUT_TDI,?,,Output,,STAP TDI,,Horizontal,,,
76,smc_wrapper.PAD_JTAG_OUT_TMS,?,,Output,,STAP TMS,,Horizontal,,,
77,smc_wrapper.PAD_JTAG_OUT_TDO,?,,Input,TRUE,STAP TDO,,Horizontal,,,
78,smc_wrapper.PAD_REFCLK,SMC,,Input,TRUE,BP_REFCLK_VDD_SYS,,Horizontal,,,
79,smc_wrapper.PAD_PRSTN,SMC,,Input,TRUE,BP_RESETN,,Horizontal,,,
80,smc_wrapper.PAD_POWERGOOD,SMC,,Input,TRUE,BP_POWERGOOD,,Horizontal,,,
81,,SEP,,,,OTP[0],,,,,
82,,SEP,,,,OTP[1],,,,,
83,,SEP,,,,OTP[2],,,,,
84,,SEP,,,,OTP[3],,,,,
85,,SEP,,,,OTP[4],,,,,
86,,SEP,,,,OTP[5],,,,,
87,,SMC,,,,PVT[0],,,,,
88,,SMC,,,,PVT[1],,,,,
89,,,,,,VDDIO,,,,,
90,smc_wrapper.PLL_CLK_OBS_PAD,SMC,Data Out,Input,,PLL clock OBS,PD,Vertical,PLL clock observation pin,,
91,smc_wrapper.PVT_CLK_OBS_PAD,SMC,Data Out,Input,,PVT RO,PD,Vertical,Process sensor RO output,,
92,,,,,,,,,,,